topic_id,example_topic_id,reddit post id,reddit title,reddit body,topic_label,topic_keywords,sentiment_score
43,43,1m049wv,Why has South Station absolutely REEKED lately?,"In recent weeks, it has smelled horrible at South Station -- almost like wet
trash that has been sitting out in the sun. It is so unbelievably strong and
unavoidable.   So what is it that I'm smelling? Why is the station generally
such a disappointment lol","43: odor, smelling, fumes, smell, ventilation, smelled, smells, environmental, smoke, nostrils","odor, smelling, fumes, smell, ventilation, smelled, smells, environmental, smoke, nostrils",-0.9348772764205933
43,43,1i16qh3,Terrible odor in North Station?,"Has anyone else noticed a really rank smell in North Station recently? Every
time I get off the green line it just punches my nostrils. It only started a
week or two ago, too...","43: odor, smelling, fumes, smell, ventilation, smelled, smells, environmental, smoke, nostrils","odor, smelling, fumes, smell, ventilation, smelled, smells, environmental, smoke, nostrils",-0.9227410554885864
43,43,1l9riqc,Courthouse Station Smells Awful. Why?,"I've seen people complain about the smell of North Station, but nothing compares
to Courthouse from my experience.  This station uniquely always has a rancid
smell like that of vomit. It's horrible and I'm wondering if anyone has any
guesses why it does. I know there's issues to do with water leaking in the
station, maybe it has something to do with that?","43: odor, smelling, fumes, smell, ventilation, smelled, smells, environmental, smoke, nostrils","odor, smelling, fumes, smell, ventilation, smelled, smells, environmental, smoke, nostrils",-0.9164568781852722
43,43,1ad8npm,Re: Brookline Village D Line stoppage 1/28/24,"I was on the train that had to be disabled on the green line outbound around an
hour ago. There was a lot of electrical smoke and it smelled terrible. I now
have irritation in my lungs from (what I presume) inhaling this smoke, do I need
to get checked out by a doctor?","43: odor, smelling, fumes, smell, ventilation, smelled, smells, environmental, smoke, nostrils","odor, smelling, fumes, smell, ventilation, smelled, smells, environmental, smoke, nostrils",-0.8859632015228271
43,43,16pmzd0,"Government Center, Blue Line platform","Anyone have thoughts on why the far end of the Blue Line platform smells like a
whale‚Äôs asshole? This isn‚Äôt ‚Äúsituational‚Äù - it‚Äôs every hour of every day. And
it‚Äôs awful.","43: odor, smelling, fumes, smell, ventilation, smelled, smells, environmental, smoke, nostrils","odor, smelling, fumes, smell, ventilation, smelled, smells, environmental, smoke, nostrils",-0.8705652952194214
14,14,1nsufl5,Fitchburg Line Schedule Sucks!!!,"Barely any rush hour service, very infrequent off peak service, 2-3 trains
stopping at Silver Hill on weekdays only, and 2+ hour gaps aren't doing anyone
any good here! On top of that, this line is terrible with on time performance.
Whoever wrote out this schedule did a pretty bad job at it. Why does this exist
if the majority of the line is double tracked and the neighborhoods it serves
are quite dense???","14: fitchburg, delays, delayed, freight, track, lincoln, late, belmont, wednesdays, schedule","fitchburg, delays, delayed, freight, track, lincoln, late, belmont, wednesdays, schedule",-0.9286941289901733
14,14,1nkiuxq,Fitchburg line terrible today,"I was supposed to take 11 AM train in, which then got canceled mid route. The
next train is supposed to be an hour later but was a half an hour later than
that. Now I‚Äôm trying to go home, but I don‚Äôt see any trains coming. What the
heck is going on with this?  Who will take the rail when it works so poorly?","14: fitchburg, delays, delayed, freight, track, lincoln, late, belmont, wednesdays, schedule","fitchburg, delays, delayed, freight, track, lincoln, late, belmont, wednesdays, schedule",-0.9214603900909424
14,14,1fw8w81,Fitchburg Delay- Nothing on Website,"The 3:50 train just arrived 30 minutes late to Porter.  There was no update on
their website... until they added it just now.  The mechanical issues I have
come to expect, but they really need to do a better job communicating it.","14: fitchburg, delays, delayed, freight, track, lincoln, late, belmont, wednesdays, schedule","fitchburg, delays, delayed, freight, track, lincoln, late, belmont, wednesdays, schedule",-0.8762422204017639
14,14,17rbhn1,Fitchburg Line Delays,"Anybody else notice an uptick in delays this fall?  Yesterday morning, the train
was almost an hour late.  Yesterday afternoon, the engine had a problem and we
had to switch trains.  This morning, something is wrong with the engine AGAIN,
and we have been at a standstill for 15 minutes with no update and no end in
sight.  These issues don‚Äôt seem all event related (like a storm / downed trees).
Is there some reason why it‚Äôs gotten so bad lately?  The Fitchburg line used to
be reliable‚Ä¶","14: fitchburg, delays, delayed, freight, track, lincoln, late, belmont, wednesdays, schedule","fitchburg, delays, delayed, freight, track, lincoln, late, belmont, wednesdays, schedule",-0.8495684862136841
14,14,1in0s5o,What‚Äôs up with the freight train traffic this morning on the Fitchburg commuter line?,"Train was completely stuck before the Littleton station for over 40 minutes. I
had to leave before I got hypothermia. Drove into Alewife and the red line got
me to work on time thankfully.","14: fitchburg, delays, delayed, freight, track, lincoln, late, belmont, wednesdays, schedule","fitchburg, delays, delayed, freight, track, lincoln, late, belmont, wednesdays, schedule",-0.8404054641723633
20,20,1lhnqri,Is there ever a chance that they turn off the beeping on the OL doors,"That‚Äôs really it, the OL trains are fine but the constant beeping is awful.
Does not help beat the ‚Äúcheap Chinese Car‚Äù allegations.","20: noise, beeping, squealing, passengers, annoying, ears, annoyed, yelling, squeal, loud","noise, beeping, squealing, passengers, annoying, ears, annoyed, yelling, squeal, loud",-0.9038476943969727
20,20,14dwm3y,The ding ding ding express!,"Do people get angry when trolley drivers ring the bell in an annoying manner?
People have places to get to ü§£üò´","20: noise, beeping, squealing, passengers, annoying, ears, annoyed, yelling, squeal, loud","noise, beeping, squealing, passengers, annoying, ears, annoyed, yelling, squeal, loud",-0.896820068359375
20,20,xkh1x5,The beeping is hurting my brain,"Is anyone else annoyed with the constant beeping on the OL when the doors are
open?  Sitting at a station waiting... Maybe I'm forgetful, but I just don't
remember the old cars being so irritatingly chirpy.","20: noise, beeping, squealing, passengers, annoying, ears, annoyed, yelling, squeal, loud","noise, beeping, squealing, passengers, annoying, ears, annoyed, yelling, squeal, loud",-0.8894888758659363
20,20,1mcexym,Tired of listening to your sh!,"The music came from a few seats behind me; unfortunately, I couldn‚Äôt tell
exactly from whom/where, because I was ready to ask to turn it down. I
eventually moved to another car, where someone else was listening to another
kind of music. There is no winning unless you‚Äôre an asshole, which seems to be
very trendy lately.","20: noise, beeping, squealing, passengers, annoying, ears, annoyed, yelling, squeal, loud","noise, beeping, squealing, passengers, annoying, ears, annoyed, yelling, squeal, loud",-0.8858869075775146
20,20,1eswcf3,Chatty passengers,"Bus drivers must get so annoyed when passengers stand right at the front talking
to them for miles and miles. It seems like a big distraction, first of all. It
also just seems so irritating. Most of the time drivers aren't responding
anyway, and people keep talking even when the plexiglass barrier is closed.
Sometimes it seems like they might actually know each other, or maybe the driver
is just chatty, but I just feel bad for them!","20: noise, beeping, squealing, passengers, annoying, ears, annoyed, yelling, squeal, loud","noise, beeping, squealing, passengers, annoying, ears, annoyed, yelling, squeal, loud",-0.8554889559745789
37,37,1iwzcbx,5am Lowell Line,"Typing this out pissed that I have to get a $40 Uber to work because the 5am
Lowell train originated in Woburn today and the announcement wasn‚Äôt made until
5:20. Now the 545 train isn‚Äôt here. Just unfortunate    Edit: 5:45 train just
arrived at 5:54 as I pulled off in the Uber haha, would be late anyways if I was
on that train like I‚Äôm sure most of the riders. Damn today sucked.","37: lowell, schedule, 5am, delays, 9am, hour, morning, late, cancellations, early","lowell, schedule, 5am, delays, 9am, hour, morning, late, cancellations, early",-0.8613879680633545
37,37,57wvga,Lowell Line - What is going on with the service lately?,"The last few weeks it seems like in an inordinate number of delays and
cancellations due to mechanical issues.  Are there truly that many mechanical
issues on this line or is there another issue that is really going on and using
mechanical issues as an excuse?  I understand having a bad day or two - it
happens.  However the delays and cancellations have become more commonplace.
Just frustrated and venting.","37: lowell, schedule, 5am, delays, 9am, hour, morning, late, cancellations, early","lowell, schedule, 5am, delays, 9am, hour, morning, late, cancellations, early",-0.8536295294761658
37,37,1gjcmvk,Leaves or Keolis?,"Only the 3rd train on the Lowell line and it‚Äôs like 15min late. How can this be
so early in the day?","37: lowell, schedule, 5am, delays, 9am, hour, morning, late, cancellations, early","lowell, schedule, 5am, delays, 9am, hour, morning, late, cancellations, early",-0.8477068543434143
37,37,1fst92d,Winchester Center Not Open,"The station failed to open this morning. Gonna be late into work now, no
signage. üòÅ","37: lowell, schedule, 5am, delays, 9am, hour, morning, late, cancellations, early","lowell, schedule, 5am, delays, 9am, hour, morning, late, cancellations, early",-0.8082723021507263
37,37,1eqvl5w,North Station,"Everybody was late getting home today. Lowell &amp; Rockport all late. Station
literally had no trains for at least 10min at one point. Also, get that arrival
board near the far tracks working I mean seriously it‚Äôs not like anyone is
standing there anyways. I miss the 5:05 by like 2 minutes and I end up waiting
an hour for the next one like cmon. Woated service.   Yes this will be sent in
to them formally.","37: lowell, schedule, 5am, delays, 9am, hour, morning, late, cancellations, early","lowell, schedule, 5am, delays, 9am, hour, morning, late, cancellations, early",-0.7362856268882751
22,22,16sv4ij,Porter Square,"Why are there always AT LEAST two escalators out of service at Porter Square?
There ARE FOUR broken today.  ESCALATORS ARE NOT NEW TECHNOLOGY.  Get it
together.","22: escalator, escalators, stairs, elevators, elevator, porter, steps, quincy, keyswitch, crooked","escalator, escalators, stairs, elevators, elevator, porter, steps, quincy, keyswitch, crooked",-0.920401930809021
22,22,1il3ip6,Will the Quincy Center Escalator ever be fixed?,"So I've seen this at not only Quincy center but at many other T Stations but do
they not even bother to look into fixing escalators anymore? For crying out loud
the Quincy center escalator has been closed off since late October and there
haven't been actively working on it since like November and it hurts the foot
traffic since you have to either fight your way down the stairs or up the
stairs, now I've gotten used to it because I'm there so often but it's still
rather annoying that they've done nothing to the escalator","22: escalator, escalators, stairs, elevators, elevator, porter, steps, quincy, keyswitch, crooked","escalator, escalators, stairs, elevators, elevator, porter, steps, quincy, keyswitch, crooked",-0.8586510419845581
22,22,1apl5zy,Mass Ave OL station stairs are broken to the point of being a safety hazard,https://www.reddit.com/gallery/1apl5zy,"22: escalator, escalators, stairs, elevators, elevator, porter, steps, quincy, keyswitch, crooked","escalator, escalators, stairs, elevators, elevator, porter, steps, quincy, keyswitch, crooked",-0.8249611854553223
22,22,1lnontn,Elevator issues,"Has anyone noticed an increase in elevators possibly being vandalized or having
other issues? In a month I've seen 2 shattered panes of glass at north station
&amp; south station.","22: escalator, escalators, stairs, elevators, elevator, porter, steps, quincy, keyswitch, crooked","escalator, escalators, stairs, elevators, elevator, porter, steps, quincy, keyswitch, crooked",-0.7668603658676147
22,22,17gjhul,Anyone know why the middle escalator in Porter has been out for over a month?,"Usually there's at least one escalator (2 were broken for almost a week last
week) that needs repair, but they fix it pretty quickly.  Are they waiting for
back ordered parts or something?","22: escalator, escalators, stairs, elevators, elevator, porter, steps, quincy, keyswitch, crooked","escalator, escalators, stairs, elevators, elevator, porter, steps, quincy, keyswitch, crooked",-0.7486335635185242
